[
    {
        "id": "${project.parent.artifactId}.covidBL",
        "description": "Text description of my app, not shown to regular user",
        "extensionPoints": [
            {
                "id": "subApp.appscmrs",
                "description": "Apps on the basic Apps App Home Page"
            }
        ],
        "extensions": [
            {
                "id": "${project.parent.artifactId}.covidFormPatientScreeningBL77",
                "extensionPointId": "org.openmrs.referenceapplication.homepageLink",
                "type": "link",
                "label": "Patient Screening Form",
                "url": "covid/covidFormPatientScreening.page",
                "icon": "icon-signin",
                "requiredPrivilege": "App: Armenian"
            }, 
            {
                "id": "${project.parent.artifactId}.covidFormDailyHomeHealthNoteBL77",
                "extensionPointId": "org.openmrs.referenceapplication.homepageLink",
                "type": "link",
                "label": "Daily Home Health Note",
                "url": "covid/covidFormDailyHomeHealthNote.page",
                "icon": "icon-signin",
                "requiredPrivilege": "App: Armenian"
            }, 
            {
                "id": "${project.parent.artifactId}.covidFormDischargePlanBL77",
                "extensionPointId": "org.openmrs.referenceapplication.homepageLink",
                "type": "link",
                "label": "Discharge Plan",
                "url": "covid/covidFormDischargePlan.page",
                "icon": "icon-signin",
                "requiredPrivilege": "App: Armenian"
            }, 
            {
                "id": "${project.parent.artifactId}.covidFormHospitalHistoryBL77",
                "extensionPointId": "org.openmrs.referenceapplication.homepageLink",
                "type": "link",
                "label": "Hospital History",
                "url": "covid/covidFormHospitalHistory.page",
                "icon": "icon-signin",
                "requiredPrivilege": "App: Armenian"
            }, 
            {
                "id": "${project.parent.artifactId}.covidFormProgramDischargeNoteBL77",
                "extensionPointId": "org.openmrs.referenceapplication.homepageLink",
                "type": "link",
                "label": "Program Discharge Note",
                "url": "covid/covidFormProgramDischargeNote.page",
                "icon": "icon-signin",
                "requiredPrivilege": "App: Armenian"
            }, 
            {
                "id": "${project.parent.artifactId}.covidInitBL77",
                "extensionPointId": "org.openmrs.referenceapplication.homepageLink",
                "type": "link",
                "label": "Do Initializations",
                "url": "covid/covidInit.page",
                "icon": "icon-signin",
                "requiredPrivilege": "App: Armenian"
            },             
            {
                "id": "${project.parent.artifactId}.testerBL77",
                "extensionPointId": "org.openmrs.referenceapplication.homepageLink",
                "type": "link",
                "label": "Test Page",
                "url": "covid/tester.page",
                "icon": "icon-signin",
                "requiredPrivilege": "App: drug order bl"
            }, 
            {
                "id": "${project.parent.artifactId}.uploadCSVFileBL77",
                "extensionPointId": "org.openmrs.referenceapplication.homepageLink",
                "type": "link",
                "label": "Upload CSV File",
                "url": "covid/uploadCSVFile.page",
                "icon": "icon-signin",
                "requiredPrivilege": "App: drug order bl"
            },  
            {
                "id": "${project.parent.artifactId}.createNewConceptDrugClassesBL77",
                "extensionPointId": "org.openmrs.referenceapplication.homepageLink",
                "type": "link",
                "label": "Create New Concept Classes from Uploaded CSV File",
                "url": "covid/createNewConceptDrugClasses.page",
                "icon": "icon-signin",
                "requiredPrivilege": "App: drug order bl"
            },  
            {
                "id": "${project.parent.artifactId}.createCovidConceptsFromCSVBL77",
                "extensionPointId": "org.openmrs.referenceapplication.homepageLink",
                "type": "link",
                "label": "Create Concepts from Uploaded CSV File",
                "url": "covid/createCovidConceptsFromCSV.page",
                "icon": "icon-signin",
                "requiredPrivilege": "App: armeniamodule"
            },   
            {
                "id": "${project.parent.artifactId}.createCovidDrugsFromCSVBL77",
                "extensionPointId": "org.openmrs.referenceapplication.homepageLink",
                "type": "link",
                "label": "Create Drugs from Uploaded CSV File",
                "url": "covid/createCovidDrugsFromCSV.page",
                "icon": "icon-signin",
                "requiredPrivilege": "App: armeniamodule"
            }, 
            {
                "id": "${project.parent.artifactId}.createNewConceptDrugClassesFromCSVBL77",
                "extensionPointId": "org.openmrs.referenceapplication.homepageLink",
                "type": "link",
                "label": "Create Drug Classes from Uploaded CSV File",
                "url": "covid/createNewConceptDrugClassesFromCSV.page",
                "icon": "icon-signin",
                "requiredPrivilege": "App: armeniamodule"
            }, 
            {
                "id": "${project.parent.artifactId}.drugOrderBL77",
                "extensionPointId": "org.openmrs.referenceapplication.homepageLink",
                "type": "link",
                "label": "Drug Order",
                "url": "covid/drugOrder.page",
                "icon": "icon-search",
                "requiredPrivilege": "App: drug order bl"
            }
        ]
    }
]
