<?xml version="1.0" encoding="UTF-8"?>
<!DOCTYPE hibernate-mapping PUBLIC "-//Hibernate/Hibernate Mapping DTD 3.0//EN" "http://hibernate.sourceforge.net/hibernate-mapping-3.0.dtd">
<hibernate-mapping package="org.openmrs.module.covid">
  <class name="DrugOrderBL" table="drug_order_bl">
    <id column="id" name="id" type="int" unsaved-value="0">
      <generator class="native"/>
    </id>
    <discriminator column="id" insert="false"/>
    <property column="dose" name="dose" not-null="false"/>
    <property column="length" name="length" not-null="false"/>
    <property column="duration" name="duration" not-null="false"/>
    <property column="duration_units_conceptId" name="durationUnitsConceptId" not-null="false"/>
    <property column="num_days_remaining" name="numDaysRemaining" not-null="false"/>
    <property column="quantity" name="quantity" not-null="false"/>
    <property column="drug_id" name="drugId" not-null="true"/>
    <property column="route_concept_id" name="routeConceptId" not-null="false"/>
    <property column="quantity_units_concept_id" name="quantityUnitsConceptId" not-null="false"/>
    <property column="dose_units_concept_id" name="doseUnitsConceptId" not-null="false"/>
    <property column="order_frequency_id" name="orderFrequencyId" not-null="false"/>
    <property column="orderer_user_id" name="ordererUserId" not-null="false"/>
    <property column="comments" length="500" name="comments" not-null="false" type="java.lang.String"/>
    <property column="num_refills" name="num_refills" not-null="false"/>
    <property column="encounter_id" name="encounterId" not-null="true"/>
    <property column="patient_id" name="patientId" not-null="true"/>
    <property column="date_created" name="dateCreated" not-null="true" type="java.util.Date"/>
    <property column="date_Started" name="dateStarted" not-null="false" type="java.util.Date"/>
  </class>
</hibernate-mapping>
