<?xml version="1.0" encoding="UTF-8"?>
 
<databaseChangeLog xmlns="http://www.liquibase.org/xml/ns/dbchangelog/1.9"
                   xmlns:xsi="http://www.w3.org/2001/XMLSchema-instance"
                   xsi:schemaLocation="http://www.liquibase.org/xml/ns/dbchangelog/1.9
                  http://www.liquibase.org/xml/ns/dbchangelog/dbchangelog-1.9.xsd">
 
    <changeSet id="drugorderbl-0" author="levine">
        <sql>
            drop table if exists drug_order_bl;
        </sql>        
    </changeSet>    
    <changeSet id="drugorderbl-1" author="levine">
        <createTable tableName="drug_order_bl">
            <column name="id" type="int(11)" autoIncrement="true"> 
                <constraints primaryKey="true" nullable="false"/>
            </column>
            <column name="dose" type="double">
                <constraints nullable="true"/>
            </column>      
            <column name="length" type="double">
                <constraints nullable="true"/>
            </column>    
            <column name="num_days_remaining" type="double">
                <constraints nullable="true"/>
            </column>    
            <column name="quantity" type="double">
                <constraints nullable="true"/>
            </column>      
            <column name="num_refills" type="int(11)">
                <constraints nullable="true"/>
            </column>  
            <column name="drug_id" type="int(11)">
                <constraints nullable="false" foreignKeyName="bldrug_id_fk" references="drug(drug_id)"/>
            </column>
            <column name="route_concept_id" type="int(11)">
                <constraints nullable="true"/>
            </column>
            <column name="quantity_units_concept_id" type="int(11)">
                <constraints nullable="true"/>
            </column>
            <column name="dose_units_concept_id" type="int(11)">
                <constraints nullable="true"/>
            </column>
            <column name="order_frequency_id" type="int(11)">
                <constraints nullable="true"/>
            </column>
            <column name="orderer_user_id" type="int(11)">
                <constraints nullable="false" foreignKeyName="blorderer_user_id_fk" references="users(user_id)"/>
            </column>
            <column name="encounter_id" type="int(11)">
                <constraints nullable="false" foreignKeyName="blencounter_id_fk" references="encounter(encounter_id)"/>
            </column>
            <column name="patient_id" type="int(11)">
                <constraints nullable="false" foreignKeyName="blpatient_id_fk" references="patient(patient_id)"/>
            </column>
            <column name="date_created" type="datetime">
                <constraints nullable="false"/>
            </column>
            <column name="date_Started" type="datetime">
                <constraints nullable="true"/>
            </column>
            <column name="comments" type="varchar(255)">
                <constraints nullable="true"/>
            </column>                       
            <column name="duration" type="double">
                <constraints nullable="true"/>
            </column>                       
            <column name="duration_units_conceptId" type="int(11)">
                <constraints nullable="true"/>
            </column>                       
        </createTable>
    </changeSet>
        
 
</databaseChangeLog>